task_duration,num_files_changed,lines_of_code,num_dependencies,team_experience_level,num_bugs_reported,complexity_score,priority_score,workload_index,change_risk,system_load,communication_load,diagnosis
7.268222670380755,37,174,15,4.277822472192512,20,0.36140455738490884,67.45290820642276,0.4785651899553356,0.7319933222133473,80.45952653749934,4.21503866867373,malignant
3.575254014553415,5,1159,18,3.022011790317637,16,0.9339268134588522,28.308367652993038,6.463375969521429,0.6196471696994892,26.231588008927687,9.900196957951591,benign
3.041663082077828,33,816,2,4.861724257131974,8,0.9749254748854566,73.52926246332447,0.06287108034150557,0.020287328990343356,69.49889835932271,4.564732871729066,malignant
5.961832921746021,10,653,2,3.6323559897329853,0,0.7676419581510885,16.185254656104032,5.117189803622287,0.9914759098247565,81.4263702045895,2.837823264347498,benign
7.4752207280700675,17,1978,14,3.3729516065851928,10,0.1553485330637852,71.03387960060476,7.202990894520349,0.389815490384552,83.02554966797521,5.976970764932226,malignant
4.807958141120149,40,1454,15,1.9180937904128097,4,0.8689535917477199,12.028311104626944,5.092667560298762,0.46349981069132873,78.1312134065836,0.6886720366805443,malignant
9.826877785461539,28,1235,7,3.8748002572432805,22,0.255279293153572,12.45196940191401,5.916062848859561,0.4336390320378438,51.82145179681926,1.9864104615278544,benign
7.1634676472637695,47,1939,5,2.15280514824626,29,0.7679938059284039,5.944745486130842,8.642835300659751,0.1231313651482393,22.667022664585257,3.220177285836241,malignant
5.328387113359248,46,1146,4,4.383034450963143,18,0.38773839918102904,76.44496731124585,2.432495222158267,0.14496550259389818,66.77017844809335,7.923001867988667,benign
4.529057663747355,22,1900,14,4.909054636393464,4,0.24884197463978935,87.167236618283,5.460280822575216,0.6559372239219259,58.77759176386039,1.8553526005280696,malignant
4.088602145357825,21,1553,15,1.0311719259171004,17,0.24736545630996112,96.7229406925121,0.5169541822521861,0.323397218757999,17.54376970258651,6.146705651653955,benign
7.561447366456375,47,544,13,4.81853232757385,14,0.21271414510974773,64.36102343714953,2.7378243521083654,0.3788859657590238,44.7542455627225,9.82855143497688,malignant
4.947150202116619,32,1146,16,2.4338411726565283,25,0.998363822207042,10.818509327652714,8.46507316346688,0.10809818574944652,75.15599390757603,7.50597549458096,benign
1.5371010694861151,32,1277,6,2.9532627180412385,2,0.5659200497409725,20.677059342462346,6.80087222292857,0.06196160986300514,62.233137127179326,4.754604664455235,benign
4.582398297973883,36,1872,4,4.696342054792116,28,0.4711813098158123,0.9817214249244532,3.1786265766077806,0.47551118571766127,5.841917535909246,8.121612517693029,benign
7.641958651588322,31,1406,13,4.103830754820805,25,0.28668495758738155,62.59135767955208,0.508738369725491,0.5203409551619629,62.44007512959313,1.2078443521414328,benign
2.6424255740815,6,1224,7,1.9728899524407337,12,0.47511423949931575,23.220289527136384,1.6594093848157876,0.2023449378483757,82.39948431637961,5.888936453962129,benign
2.5790658053274327,21,1611,13,1.3874107521820198,23,0.8822676012846092,85.36849837422662,1.8406478427089012,0.658756309646604,38.35286381208165,3.8029249480416794,malignant
5.783962364576546,35,303,1,4.364904910979629,1,0.242961969551378,94.00754940249321,4.340395984977686,0.9082992449737171,42.9104487563016,9.08369402889997,benign
5.7864482838717946,14,669,14,3.988240529892933,20,0.5533341400262731,15.768833535079596,2.6352178447460437,0.5280866586040727,59.06423873377462,3.1056808927422344,malignant
6.70960862696189,23,1960,2,4.433357692706313,26,0.582362798891101,35.188461895147704,5.334322981478441,0.5245957522303217,14.916303275191945,6.884839803327588,malignant
8.644886146700106,42,1703,3,2.536165313559907,15,0.8642784036957777,87.9541519405444,1.286481984082346,0.0018039492313435268,65.07195988137538,2.32987246276981,benign
7.520097923745717,24,185,1,2.968454842532114,21,0.3301775816847308,75.35768655236402,1.6783312408802153,0.4558289171322104,15.242551606441445,7.533324155402383,benign
6.499211596098246,30,1762,2,2.8600745118927815,15,0.34472575369162306,25.024062265482517,9.130038632190722,0.9372942088891232,80.5257309880674,9.788778921567573,benign
7.501990443131994,10,19,14,2.2588866822052034,14,0.47468925627348924,2.3617960672003724,3.405801552251808,0.02683258808385569,73.40074500407464,4.635655413211493,benign
3.906630224678604,5,709,2,2.342689512021999,2,0.10883194905941766,73.42005989201543,3.700055355790872,0.2621437869704738,5.596523324900959,8.87494139095514,benign
4.256097900600826,42,90,8,3.8745970367395333,13,0.18408279247797432,43.27143396087455,7.623667280490938,0.2779805980767923,98.65500962141056,3.4934945566030717,benign
3.0543690779106005,30,1938,8,4.012284506909211,21,0.7266477474813713,90.92937643460603,8.862566560468485,0.8173865626513154,83.32821254402363,3.8406341905929473,malignant
3.643426417499464,7,1908,3,4.455415946038526,27,0.611122440207319,56.9072514548822,7.129770302026465,0.34882991636747196,62.633651184684126,1.1492343023776386,benign
6.67878511469039,6,835,19,4.379608152302405,1,0.16076739737939122,56.28460962421805,3.42410608846345,0.22560337997484392,70.65892215332805,9.39906411238001,benign
1.8289444595056765,8,1961,10,4.0157508420984875,8,0.486148544601381,96.67901436341727,6.437320543224677,0.0779055438242865,28.284549360022826,5.17683817968095,benign
4.903310554115754,26,1121,9,2.3311112714769564,11,0.4790911124032958,29.765645496289228,0.4578815931250513,0.011245648880591985,64.5448853130248,4.331143300314448,benign
4.877764869966795,18,409,9,3.8401853512924067,16,0.935374236531054,44.12949035980254,2.323846611317143,0.4987751574325394,86.25931332305113,0.6794745233472388,malignant
5.443165878852756,36,119,3,4.89049796843317,7,0.6772876337068974,98.18083206050936,9.867564570873304,0.7731879209271386,52.06223751984594,0.7443841847924437,malignant
4.8324726126624515,26,1301,16,4.664959659488893,25,0.7560888285256985,22.658210182075813,4.260580243360209,0.897938233207914,26.248162360637462,2.8803291095656336,malignant
3.8103510067521875,36,428,10,4.88595090555862,10,0.37392784055802986,90.06829332549987,2.4100680316886667,0.40279043787739977,85.95767841963864,8.547456473639652,benign
4.837161762665274,41,1278,14,1.1448300797748345,22,0.3066128331222636,20.070971951872508,7.879398041273353,0.30105595285488407,45.76989130829088,9.419529770864274,malignant
9.040502468054212,4,372,11,3.446396547629902,7,0.9739686999145625,46.4121493323505,5.58029568435929,0.17744955469732204,85.95867645614129,7.129372727018382,benign
9.497440163834916,13,952,6,1.861371603894907,0,0.37021775057917394,78.04497206471234,8.228045162656972,0.2280510896252067,1.8340327050227367,8.667742741785323,benign
5.516530082959029,24,1527,12,1.986238937596021,18,0.9830030778636217,42.780721130727336,9.820904619085674,0.10503681867140313,9.34820571382826,8.013461562458192,benign
6.6155765661290005,31,1690,2,4.376243632542303,3,0.22290739133334037,43.68802206168934,2.2541927898195446,0.8237425336603885,20.083745599533355,9.759798861063105,malignant
2.0405655557136617,22,1830,13,4.000766719166883,19,0.8029062537220064,76.97945267676751,3.5128464604285536,0.8768251736797162,55.76314157736918,3.9845176435414187,malignant
3.8555693363828882,40,1602,2,2.31520967575048,14,0.6382411833331204,56.75111694004242,5.411906632383886,0.81047441785414,4.855380589856861,8.301814091146785,benign
4.733435907582686,18,1325,12,3.079661454600532,26,0.8999101505153859,41.55395443386553,5.715524979475676,0.6799123801864071,31.655149826638084,9.164436095186694,malignant
8.796782420950294,34,1516,5,1.7533195082430137,12,0.3773651140608014,61.222731484452,6.774212946417806,0.5148534435190607,96.07562618674024,8.07053185205551,benign
3.25409828856856,23,205,10,1.0153088152004424,17,0.21060979475220176,82.57836344725709,7.842604651097483,0.13286296331080183,92.7300108253844,8.61631768882443,benign
5.347308378364339,39,1040,10,4.599832427916779,4,0.981174914735478,32.48808851480736,9.102240575816953,0.6646266404162238,69.72729629444123,0.013764983438844247,benign
9.870038070496346,47,1692,3,3.8385692775712204,11,0.46572944071321065,18.74741019011109,5.183057418397505,0.9795977355366812,83.38912792252017,7.113761826437848,benign
5.675366073338284,37,504,17,3.115273788001688,15,0.52000026713336,97.89438490257673,2.462548722170287,0.19906338321669825,4.349874234734141,4.270432429444565,malignant
6.516050731866709,47,1573,1,1.2163954502224898,17,0.5712839897103147,65.81644759426315,7.09634233854882,0.6663034097654699,62.62064098182507,2.2382837619762963,benign
2.0856579939129136,1,1650,4,2.683360709689243,20,0.5761214161088256,20.972033406335534,2.5060132751541864,0.812171358833131,24.60576847459819,8.732228709264533,benign
8.4370672045615,42,223,2,2.5201676040973404,0,0.4816004619986375,37.46083983289493,4.9688321463821525,0.9637058260878306,18.182738547322387,4.885662066604654,benign
6.427541155698346,20,1950,2,1.6861879860398532,20,0.9286531655643944,8.483628907982709,5.463605251917841,0.6046155745062604,31.90180580407038,0.08390912157930641,benign
5.905612058198185,47,526,9,1.6247531152078443,26,0.23419978454238363,42.22375414427344,6.096058475642817,0.6003124777836991,70.03412469712035,1.7876102641568536,benign
4.084874503968775,25,1142,11,1.6927111889083344,24,0.682924570052736,1.988343940855608,7.334699073298788,0.6684774602370996,38.99496381858133,1.291815753081449,benign
3.737087101244657,6,186,4,3.38734238309984,22,0.5203436678075751,99.28331817684793,4.459609177967607,0.32526095458583915,35.605384457522035,9.031597113004118,benign
4.753199899222315,30,520,11,1.4988158073604665,26,0.7826868805363243,98.43851571654724,7.839993154214074,0.4834007783519152,88.65357485409166,7.229597427567956,benign
7.13170689213517,20,489,14,1.9541970266535844,24,0.8300585488600962,52.111136398995406,4.408905277857499,0.15048285819819918,40.30799800045606,4.489629871717319,malignant
8.879111576156575,9,1797,12,4.785088724015857,19,0.39153269368751886,11.909033700336503,3.6645328059542646,0.1952581552885856,63.99996506004957,3.4121853411671133,benign
5.5938010373021,48,906,2,1.877847137808104,25,0.7912002450418516,25.512007120529034,3.1175092588114484,0.3012966073936131,78.09878043727903,0.06573661720984059,malignant
7.023824046660451,49,969,4,4.055426385993942,13,0.40899239323935044,64.00732858306029,0.8446852808093441,0.3072903599611504,56.86752933940118,2.8540027305214046,malignant
6.273428973059916,18,477,11,3.392160038194135,0,0.42302794689722956,65.80640161568581,7.150100925669337,0.815875907379886,5.984398437782601,6.625437194169094,benign
6.624131518860398,40,1445,5,2.6526272377878106,19,0.9529237644151201,16.917664192382276,1.3722174919585184,0.04021116353334331,96.34642719751113,7.042036468911899,benign
7.072201458890423,3,898,3,3.381143573990742,29,0.2440591918554999,52.744033985234836,0.3899356422490585,0.4416320015426418,65.41907737299577,8.11996955812486,benign
8.581081938582315,36,1333,13,1.5344801196866324,3,0.8240947207356712,65.08750446873468,2.3236419061114155,0.5309343463270579,99.70722692140595,4.264524724420461,benign
1.748754894991949,6,383,14,2.936751551712384,17,0.9307710661133488,12.26711894712319,2.20956538133797,0.7171901475237765,25.463522094980974,7.920330007370426,malignant
7.873145572990044,44,953,4,4.888534015634941,6,0.163563132408528,39.73565250085605,6.904790002792921,0.04001797244959182,41.201958303783535,8.772395539982744,malignant
3.192997370831866,38,494,7,2.7108832604334485,15,0.832743591614646,70.29987876329824,8.133525261044902,0.6869328012532202,47.90665467144485,0.7677753308360857,benign
2.748006645208938,1,517,1,1.971524977683659,17,0.5437391491216125,45.49645785135906,1.6705638472955509,0.7765843773531628,97.95350033209847,0.6689900151071226,malignant
6.152112617423258,19,1173,1,4.710027522491062,0,0.15732241980176098,9.44147948310452,4.7689162944895855,0.5020839819212027,14.448942081349248,9.360951479087891,benign
1.861412649511484,38,27,7,3.443097279865246,27,0.983689039691756,86.47323574990861,5.986602056909314,0.4847074806259142,29.80895536960717,2.6106442592103116,malignant
8.967941436476256,28,1662,10,3.9114289777816458,23,0.8646451598736633,9.28130061421295,7.336810839509632,0.6642607692987152,59.7702012637355,4.928804602510896,benign
6.645240748461418,47,310,16,3.1736184982763143,3,0.2831700463263511,68.68592786019582,2.0943856540297014,0.8278338577554964,74.03617317216307,0.1918425430686388,malignant
7.5107472237095925,9,1596,18,1.044808040107764,17,0.9516117271307306,17.366418036509966,1.4068601651973434,0.8604306275663252,76.88605296267377,3.3856584956203384,benign
1.1451628602551516,47,507,5,4.02280044167388,26,0.5270879171189696,52.96502174863754,4.552957614241471,0.7751517700867372,89.28927380259016,4.676564847461099,benign
6.349886915005382,10,14,9,4.9147887036878934,22,0.14512141888124463,39.54014981414592,9.495933261755109,0.6956091937143185,76.12578246443572,3.7689089062095436,benign
6.011066731548598,24,1448,1,3.8647504299880513,1,0.6163085807957545,81.74164211228751,9.664387458197934,0.10905498099472366,2.786644620758949,0.5075933231845464,benign
2.4306367973025047,26,715,14,4.235029482155095,10,0.353350911736509,13.522394347573218,2.1440682983264168,0.09677001985711664,15.741495146346674,6.890821940573551,malignant
2.377634636122958,8,822,13,4.406346678244809,26,0.4152662300023924,74.20539653035861,4.520915935097042,0.6503546941955284,70.78489518725617,7.517409791142201,malignant
7.259765758938198,5,580,12,4.996805050338503,4,0.4096154756647513,25.04249709059172,3.44178638286143,0.5912972086672068,97.44480259411064,9.48521658284301,malignant
3.8688978374368874,13,1746,16,2.154453995880842,10,0.5330937341798411,21.72930193287801,0.1404308428452139,0.7131389204550026,10.06428936444701,5.244977051345444,malignant
7.227732659786377,22,1931,10,2.7975367692752737,5,0.6523838540141053,74.10826092037796,4.788203765591932,0.6520708479090095,9.322581442244903,0.3928126927254372,malignant
5.989449247459949,34,347,1,3.1713043599954243,21,0.4733340309380044,41.79101575600811,3.38812040315158,0.7999949452448186,95.17794682292278,1.2707357684707976,benign
4.500555167108301,25,705,15,1.6098227772176412,1,0.14896380264168516,99.58111854947799,6.660782539967873,0.5784696831472524,82.80985695768415,8.895685676398605,malignant
9.326192406525875,23,1836,1,2.9239040023287366,0,0.7878032606828987,82.87875391268187,6.771450831938703,0.9893613299022429,8.562972188763208,8.783340929817792,benign
8.575029972214447,41,949,19,2.1079235471712616,11,0.5310867519024853,46.72833417804249,5.310156206388845,0.08787468070109805,63.323498875345585,8.654682799925634,benign
4.2165781001485865,48,674,7,4.347729402142858,1,0.48265949722489576,25.625558286061366,0.6375169807025671,0.7124765714724461,17.48136498532403,2.309574950974338,malignant
1.392323174191365,21,793,3,2.3882543908913405,8,0.7681185247394385,45.04453996263261,8.377878225924956,0.11388408902868263,25.838434564190184,0.7253299214727282,benign
3.742912660699877,3,323,9,1.3267386484520944,10,0.4766786825272614,2.9446265084732803,9.609325287479171,0.7718648924010191,79.6407248812477,1.6093663167698302,benign
4.583671137261829,8,1330,11,1.0403416756826394,28,0.316085520512182,80.4136394366696,7.888056354372729,0.3862096776296978,58.31451657727491,3.8112151333693998,malignant
7.34462947406226,46,309,5,4.442173950175536,9,0.15451117259728528,4.451079670847591,7.619628328305379,0.9724899808900859,46.69641936309037,6.87645876345314,benign
9.958226338306156,39,1655,10,4.435382855197847,5,0.6003272049116436,9.161560821459759,8.670281405046346,0.7854119490279221,4.307758691218854,6.767017400613994,benign
4.203233791457136,39,669,4,4.736354822293144,19,0.30514528668390933,38.73987908361119,7.154170170400728,0.7743948185207881,43.56787329679216,6.926309648604936,benign
7.862930324068904,22,580,19,1.2901821318928346,26,0.5130497567294874,24.38256847661082,3.88178829207107,0.6134788544544845,39.66198732344195,4.173950950837386,benign
6.338592249059991,45,1741,14,2.579034596883389,12,0.1209645542634473,74.65045413039088,3.8161011995033602,0.8585325901860652,57.107909564748546,3.0236361902190536,benign
7.225316188301594,11,894,12,2.712775774155786,4,0.24327879084833653,33.84139069396973,2.0797259850892793,0.3795713784789685,27.83938296733566,6.717440322109104,malignant
2.360147071132722,23,1321,4,4.443535136300673,10,0.4466651161325048,90.09174108683334,4.881131706966731,0.8046645036954447,2.106695812027981,9.565821980714276,malignant
4.589886634535409,49,1277,5,2.0456815700421433,1,0.7465322135430024,87.03183014891485,8.719959257512889,0.5673222905599318,40.5964372599004,6.772484897936986,benign
3.1677030795126204,16,349,0,2.208817592012183,26,0.833061386859742,67.96739760140717,1.0533884524339787,0.9433321790694857,11.59879098798161,6.1064533542580355,benign
4.091104126434924,28,1993,15,3.9309090767507096,6,0.4162242344604624,45.883475987353236,1.0354854474205266,0.8833852538420288,18.63906891932331,5.134980096275745,malignant
5.618153387791019,35,304,16,1.7202099625393417,18,0.9890900027926844,40.73011222599801,4.000083229852855,0.2636426900308646,9.947410113943722,7.898978722441386,malignant
6.999620951476644,42,408,0,3.5414993447086105,13,0.7201537612225634,60.27179092177557,3.2811219829768423,0.09955249539341793,78.40016599502972,7.724070601221441,malignant
1.9531763655113243,29,411,16,3.968836939984255,1,0.9302839563140762,38.60952384915037,0.5471965649882538,0.7605257259172669,53.411423607147114,5.649615759251972,benign
2.178054555976727,38,1744,1,1.7218138628670343,16,0.11168982079504408,82.30365042744849,1.9129765481073113,0.41282736861125224,1.935369972530132,0.9108798745877766,benign
3.8978254582147724,6,1996,7,1.887779070853448,22,0.26714583787392054,70.94978301505257,9.192759964042626,0.25719932477681773,93.51726420143429,4.816047670592061,benign
6.954079029996193,49,1233,0,3.79923699179191,10,0.2903838425944245,86.60480075636632,9.772260389412633,0.2967660319437829,43.446047449772884,6.934832111730454,benign
8.618556027436497,14,806,1,4.178017270222902,25,0.9861053710399063,1.4530392468497966,5.539876552170807,0.25177242037781056,20.941173373853385,0.33353433397500853,benign
5.9793161031704205,29,465,12,4.8134193076899265,21,0.364655351649976,30.40790522625707,4.117914007629999,0.618555318125394,37.782693152412804,3.9613432844931795,malignant
8.690072387720543,49,138,13,2.234599589456751,2,0.8812461060193176,2.2723683271512196,0.6052907747119618,0.4662118643821771,26.930808304251197,0.921735546792628,benign
4.46354030148185,28,372,2,3.1945343364578265,23,0.9366727809244602,95.31269667320792,8.57112039753789,0.030016413474540315,61.58873397518023,1.2271643882234429,benign
3.8510910740654176,10,127,11,1.587251022236134,13,0.6235217292501839,90.24398308798648,5.8332301406300395,0.8823218955421476,0.06456832591302808,8.12001780963352,malignant
4.188382080325106,46,222,18,2.747580637303556,15,0.439898935825321,37.95498772513187,0.48100147112550284,0.14086696003651367,58.690746108199775,6.911079115191758,benign
2.539736462845892,47,240,8,2.04448273828678,6,0.808827000211506,57.4789149611094,7.466694045315689,0.023872360700189166,63.55301913301583,6.701890034215886,benign
8.462013710517013,4,54,3,2.395200721542581,10,0.5163171476390649,86.16401314648522,0.3641182092751949,0.23123681775915506,84.24549608667918,9.554530586412222,benign
4.0480376132289395,24,587,4,4.213462395026232,27,0.3729449689626191,52.92900885376971,5.741878915154507,0.7087422462272317,21.37003155699294,6.160906716553524,benign
5.971330677646658,2,1323,4,4.21291889679256,3,0.9486303626598717,50.91018192412745,8.966515703576233,0.23503475226451886,56.75855062308405,8.483024809768727,benign
6.206963212979496,46,414,11,3.8180227170467944,22,0.17847875139463687,94.8029077222478,4.125473181804288,0.7293334605318194,48.801791421051355,3.771194813590839,benign
5.693797534575991,29,185,12,1.4945572338882736,7,0.2176670316836386,10.647703220822224,3.711407645370027,0.6779817520690556,15.155762690497376,1.7058647788203862,malignant
1.0241925811688861,25,170,10,2.1361003149951774,26,0.4487107082480142,97.7618739384971,8.02327524671654,0.1785844907651989,40.560944600477534,6.362805983362078,malignant
9.895108773545381,31,1921,2,4.757183290530518,11,0.37732363264509483,57.62168343669265,8.901306986908475,0.0640412115307103,88.68281748473682,8.042511218402405,benign
9.148074180954488,47,112,10,2.8101046041105517,26,0.6726754870690522,91.44439606516013,0.04939347859048371,0.5582817089085313,88.27839140166874,1.499618455020596,malignant
2.8687227507669206,46,1986,16,3.4873790058316683,13,0.20548446054530428,97.22997777193744,3.917215708679691,0.09649619098820628,42.49416612822049,2.9839695672077338,benign
3.6324047151318233,15,1585,9,1.0732362200820855,6,0.7046980136029645,88.11721675861443,9.840586607063033,0.04787237977393799,78.41839250681547,3.3693689490229306,benign
5.680091377652351,38,1232,14,3.0720801924303984,14,0.5923985686210345,81.11658532439425,3.362086034318451,0.06348145286929074,95.70673953708507,8.36430635675045,benign
9.117202353946036,33,1560,16,3.756571480688775,17,0.35007390280542683,73.12131089116284,6.695401849186904,0.7708115979551999,26.501611912579126,0.23153868938549316,benign
9.852677964205508,49,466,11,1.235527131331843,2,0.10412967449239172,85.21507709372936,5.485280754047491,0.6983556697045792,64.48413263333666,7.774639950536905,benign
3.3178785773867476,8,679,3,1.4611381321805568,13,0.9179111738532774,31.31534274979314,7.80384058451064,0.4376284769864556,65.16346345727551,2.8580663447004975,malignant
6.079231386323035,40,1845,6,2.4734771881998605,5,0.6570057780735004,12.438906861796395,1.5893959221990117,0.9491554528158576,29.991609374339113,2.367118910950432,benign
8.262718157234612,16,636,12,4.777835053113728,26,0.8662551510273152,3.8713683937893206,9.491432019413969,0.6034223005989878,84.30572101707972,5.3993739192832955,benign
4.549330485574973,38,1728,13,1.9951920149803968,17,0.5768358683721279,51.16792304911233,5.916131195106217,0.5518523587660226,64.98905930228906,3.0386938292912946,benign
7.5796573226010135,44,261,10,1.0864106905645716,0,0.5181007335930233,19.435220684546017,7.749491985688181,0.5844042585233232,88.49878059204843,7.764093193819304,benign
2.4496211298629333,41,1534,2,4.237113889729187,2,0.6842927322191988,82.45446522668574,6.605018421256785,0.8359032597050783,86.6964884159522,7.702804181721486,benign
6.4062871105023085,34,1050,10,4.396993508729552,2,0.22691238252527565,28.05139134131458,3.2539476402766496,0.5297534974021496,51.61170894815352,3.5967949152834566,benign
8.792780124729383,6,1394,14,3.1467820037904883,20,0.653081417215935,39.44943696505947,0.43020245746896113,0.09234775383520677,70.3238820660938,7.481948363457636,benign
9.851694482832,39,1968,13,4.57218887557809,1,0.5402869196540963,26.749121596619695,4.602584538348441,0.9550799884647617,12.270739838327827,2.7554455585283866,benign
1.7142921134021414,40,1849,17,1.716136298642338,6,0.14478091223786127,19.855356097247846,9.268663885156199,0.49946683919532897,96.0058875508968,4.6429919982991965,benign
4.8551254723085435,49,1886,5,2.098674492840887,8,0.6969126584961396,87.81910250110411,1.8292588587139136,0.9547854650920551,42.88058261456579,8.295769203155995,benign
2.8408857359178494,23,1932,19,1.081798939618368,10,0.5232205275416965,50.411765101434604,8.097414817739365,0.22105206081975548,32.506679499579406,3.054174448214515,malignant
5.055728414668613,21,1454,0,3.3337291270295677,7,0.3482725022986209,57.01967845059978,9.432896347123554,0.8367573385318985,27.98334078734325,1.3038396489321813,benign
5.929872153659686,35,282,16,4.549554993828401,10,0.25193111108382715,60.14009904918978,0.39305443483216074,0.08348127786411152,35.84379227899127,1.4071759012043183,malignant
1.8399403933283869,47,602,16,3.4256050356768633,13,0.9107826484905074,63.68627688515136,5.847054951165745,0.194649730359175,52.92383181094228,1.6379954791637774,malignant
3.671746979326115,29,1535,7,1.3211432814161883,9,0.11139267414517878,51.67214963443916,3.4690636168617486,0.8488498508139605,47.11247305526221,4.0821773676574615,benign
9.348258161369326,35,1748,17,3.7728941755528718,0,0.7550767898751589,8.961636366562375,5.7421216758548566,0.3362784207863395,37.86211468111167,5.273314264733607,benign
6.121033582871758,2,211,11,3.703762451367709,8,0.9606631356529877,38.359857186774136,7.1544399399644085,0.2885078007282694,39.711225905597225,7.456096778773969,malignant
5.116707977712507,33,1738,14,1.6669768407192156,20,0.17558353421099632,9.181639170270184,0.11710479481117919,0.1624517354555518,50.535773711013974,1.354301255029251,benign
7.781733917183031,26,211,3,4.31593716352217,17,0.5574779337316165,94.52324703540877,0.17119138780445242,0.6832270098280889,62.68754435065177,8.94421224648257,benign
7.676759366578335,44,1570,3,4.649561448724627,18,0.47510767560476286,90.92706001467612,4.880352718975285,0.3207361049145031,16.55592804542848,9.247997270894903,benign
1.437211295598419,32,537,15,2.5667963430098544,15,0.35727278420165287,41.59740006650734,1.5116983611500268,0.08661192770505821,58.06556222452824,7.6027645257704055,benign
7.378276558984714,18,704,6,2.2350564667878334,23,0.6897046958503669,70.37291458010256,7.681975173355687,0.1799507910574456,93.75308482448715,3.061616713893539,benign
8.553190130245753,34,1604,16,3.2986950073748984,11,0.19397638673139167,33.565513968051185,5.370965019325857,0.5382183470761248,97.53804468219592,2.396089157509672,malignant
2.493440957862585,30,1135,14,4.89006876769165,9,0.8297364980043767,53.98562691552327,7.536091627229066,0.25013963290114494,93.3286766148449,3.230523853706029,malignant
8.028981441999615,44,255,16,3.899852476318255,7,0.6563449554244549,24.706612550352425,8.011537350285652,0.431952799274978,23.520309985972943,7.53165520167058,malignant
3.578829550561917,23,1833,8,4.160250209798006,4,0.9867791659581691,71.76563553275929,1.3885601723690066,0.9499756987018394,13.766283560642956,4.853894200641894,benign
3.7582277799660155,48,1224,0,4.074333887850838,24,0.38280466315144324,9.027130546171946,0.21843171226032188,0.09195682222671586,39.82616260483943,8.478203140054436,malignant
6.987353188147147,20,61,19,4.8279758290901,12,0.6846247938410168,73.65269756747223,6.171532781355565,0.2759861421103401,72.98513379726711,0.8133470399760834,benign
2.002529544469442,46,1314,13,4.264768798586875,10,0.9916784989954194,16.485162661689078,8.105720672057101,0.6483986458681225,31.846134721412778,9.050240368752757,benign
6.983852039229649,23,406,12,2.0732569527867555,18,0.5794691880554255,32.68854140456303,5.314776357029584,0.8918607643797204,47.546140665564266,3.535684286362508,benign
8.990711134086004,40,1396,7,1.9252042080076186,0,0.7224145620869276,38.48546385410797,9.304642302808947,0.6422737382696971,47.74792569539704,6.142016087040615,benign
7.266801414118657,8,1625,1,1.9683625791381067,0,0.45926328523201587,37.57588078915054,8.280605372625706,0.4728471520501911,3.3391790215478223,1.8521265335904713,malignant
4.962950889988681,14,1403,9,1.8517396299571085,18,0.20558310338773483,38.07874323678645,3.238777998426733,0.18695329643291103,92.33091362673271,0.37593619285599567,benign
4.943929459395022,23,882,6,1.8330536325831375,29,0.8613550953883949,66.00556151412927,3.0535541373421338,0.35890551783338476,9.862374229189964,2.1489408401129815,benign
7.885864857153759,46,1373,16,4.738009510785588,11,0.8272561365926951,46.10951523101783,6.3579390613066735,0.9397762957718828,7.61684044088935,4.153439815008105,benign
6.0907780110329455,14,549,14,4.806649774063526,0,0.7615057240126284,41.808675357896064,0.6767587784520079,0.23997088092193675,57.38032847275254,0.13714131716972222,benign
1.7641374687263585,2,1221,11,1.3594176175866917,25,0.5107515923549305,89.25199357307115,3.135003018324859,0.8621214502588341,38.90597121700924,9.82782485480021,benign
6.244039790752642,4,1041,19,1.25629739844943,7,0.203353527158607,91.96274158225232,6.284846096054605,0.8123669299772109,60.552130433743834,1.8975301979945502,benign
8.333593326040688,24,1538,6,4.428121282019954,12,0.5094444302201141,60.61221636736101,6.210284100090951,0.7588963570179825,44.295266605844894,8.70157068943182,benign
4.0335974510284895,36,424,11,3.254967451314805,20,0.9620231670824935,56.14936162715852,3.884447644833565,0.45187854288588136,56.335868273608426,7.224404540139828,benign
9.348189216178506,9,1253,0,1.84626527449893,25,0.7193807442187748,63.539385355608346,9.945468130751815,0.053739292645604175,32.9535025359438,7.55911845876967,benign
7.756453003088511,16,1510,7,2.847266743466952,15,0.12354474422119394,82.47535800034976,9.487340361213336,0.02906141638875981,36.34675238463666,6.066135893872816,benign
6.16657442634968,32,1651,1,1.2949851960427399,0,0.37433356960787667,80.15324669037552,1.298440368464464,0.3304977894059289,71.9634845745487,8.827206930170112,benign
7.764795899136265,32,327,19,4.928866733861865,15,0.5248626525164841,78.75284468893948,6.021205803542156,0.011884652343140956,42.516446579892616,6.296221200264839,malignant
1.7123406466438469,27,1963,14,1.5598057279620257,11,0.8711746066997238,45.5096461507837,5.131194960514199,0.6445562477753735,82.8664275677954,2.385849578117387,benign
8.734501681125503,15,1646,1,4.226213340154624,27,0.2941854708033649,95.99251486849394,6.344196621381553,0.07951346123542358,42.71943141208043,0.535917321415621,benign
8.393537018805022,49,1971,11,4.832719274019429,17,0.13069932607803816,12.803994571927957,1.8919136730087782,0.8822633369038482,20.43770793929597,9.485523536324706,benign
9.18884493649188,4,1797,17,3.844044450768942,10,0.6924025369629014,8.516245819516865,0.7848281992654615,0.9706582548294238,93.40436109710683,6.294121375464287,benign
2.15768077758442,36,989,6,1.3542038973115917,16,0.819801134451082,11.491843778997701,9.122535530822475,0.9324325029207889,98.4468844195378,1.758740923768769,malignant
1.7360207838458668,25,974,9,3.359939921484527,15,0.490682527167403,29.869599169376315,7.63363173684716,0.7277374234690781,83.87966348355666,0.09966415273378049,malignant
2.245740155034308,15,1124,1,1.516865999661722,24,0.6643786306978865,71.64494174054047,9.403075452021794,0.3722651507940319,55.20767097302669,3.139374508363791,benign
4.594408390925201,12,622,2,4.467800131099894,10,0.6675620646249631,50.599081600827276,0.935426657993772,0.26971522349213073,33.69514645913885,5.6069128039503475,benign
4.818761749728927,7,1326,13,3.6913054248235437,2,0.8148565854404248,30.95612752723651,5.978521539485343,0.010635111195440916,30.290673357859255,3.066678685829709,benign
6.059965408578151,36,1064,15,4.768224596132247,14,0.3881563178675417,0.711610518928163,5.7639859013973815,0.8537698882392424,54.363148347637576,4.7911376221408295,benign
2.1001919466925454,24,1194,12,1.5835434276737632,18,0.28992354364234973,70.00352421337604,2.3943976047859303,0.9298743485100327,77.42839226071962,0.2860912805458915,benign
2.812595512432338,6,1785,3,2.8147374317907485,4,0.5049206977614098,95.61659714096157,6.363197808696798,0.5992104977932208,91.33835228647719,5.406084474308369,benign
8.304799134556195,48,1641,18,3.1742524958998506,25,0.9592993941790263,5.417109301537703,2.0649488780981717,0.0067877540334241315,43.554539265711114,5.472466017655955,benign
5.211888166510745,41,858,17,1.4333521203657567,11,0.20402827149063524,14.115345547140002,7.451846161939076,0.9200595755494513,65.20445566307119,7.6069310856996095,malignant
8.271443885352491,45,948,6,3.7076227677484663,7,0.5684949088814538,27.396208896566986,1.038796128623789,0.9818790684472173,41.58241790781626,8.744153954319644,benign
1.0668374069015174,31,1824,13,3.265742459686166,12,0.9869477546816812,52.909081924779755,7.862045853735418,0.3407790055389808,46.28920115830575,2.703892784035099,benign
5.964334533841649,21,1017,12,2.392168235550047,19,0.5550597755664167,37.80602786953041,0.4869844394445044,0.7667743213455979,24.904157464338773,9.695331391617458,malignant
9.387389332690104,11,1974,15,2.651669530413857,14,0.9515193026789759,62.46332450091694,3.700468754224527,0.06523163430732393,81.19225680194448,1.7704375064956546,malignant
6.239579132312831,16,50,17,4.184915670416018,8,0.8300681787210035,39.40133402040434,0.8081671949790126,0.7619768477347134,72.01883477566818,4.778966129509254,benign
2.8548615470074674,14,1262,19,2.42565289122788,29,0.9533009834261061,99.05648986352293,9.807390479152385,0.8736437150563914,67.68198927068924,7.803496805113142,benign
7.459818060516018,25,1796,12,4.890532580458718,16,0.5183306463720805,77.34293578008672,2.681114088479312,0.2827324307545027,65.25963392087668,8.737838998746374,malignant
4.410872647290259,14,898,7,4.672738534209763,24,0.3970028065177179,99.22823684823764,4.730273981180249,0.21882325446186457,74.14630396094466,1.082830588606466,benign
7.015455525335138,38,1626,3,1.3123444671619655,13,0.5144230835076339,23.65601496687403,1.1319831871971764,0.33526149072038414,89.10311542094963,0.4165747963572408,benign
1.2638775060439413,18,1657,5,4.409667305586199,28,0.5530529395394038,74.54064717602378,4.543817175072833,0.5595360063381754,88.6450182702633,9.252881300669152,benign
6.723103234162205,14,1563,17,3.695115737914072,0,0.2744624782809204,24.890463720008793,6.429219448123949,0.3468773999747842,83.07729630451371,6.519447501915247,benign
1.289781414441316,24,1943,16,1.2212779879421474,5,0.6309678041627313,44.23383701476252,6.1476899983291755,0.46427124017364296,91.5528766503554,8.356135046986774,benign
7.703025896275894,8,1029,19,4.821464547271336,19,0.8463999692012039,10.574775795125868,4.720258449766057,0.6658261297210708,17.213837736931637,7.467441907538664,benign
5.256217020146096,45,1945,12,4.333947921601148,14,0.875531717327697,25.83858832400705,7.284901229174051,0.22873159813264354,97.72307197793161,7.25742444705897,malignant
2.0957891992574833,25,134,1,4.330735853025826,3,0.8686150668510519,10.46460794142121,4.419843527340948,0.716639777543625,22.222318982345957,4.221404816997966,benign
5.883723332096554,34,1313,7,4.662579968446032,18,0.7424500632258897,45.08239902671073,3.368568860939627,0.9107465798741441,40.33848467676244,7.049426007682,malignant
1.6009699890250424,45,1520,1,4.684337204088518,14,0.2833533055911521,96.68064266640695,8.97804793420636,0.6035612402979474,93.09272295581214,1.2408831667615494,benign
6.880283842177366,44,1740,14,1.8763181258576642,0,0.17541690155075074,68.56057144527871,4.720329814788443,0.5701205686008083,13.685283101333013,3.8848664297995428,benign
9.96477694631043,28,918,4,4.749450438205502,14,0.6894592963762867,60.8327582903897,0.297038213122347,0.044107367923772234,62.30615769654165,7.351240744383988,benign
7.9245760336656605,24,1840,15,1.1917205175364836,19,0.3727760101817206,13.76873338324337,5.179660411050787,0.4577101872831232,85.04026402134595,4.248387397048062,malignant
6.163967022929421,18,1054,15,4.525729221749913,0,0.5839818175134668,5.2384243349808735,0.7052240104794782,0.9245620489611026,78.81501673248525,9.857245189982288,benign
1.9237173328971626,34,582,13,2.8268500896705424,17,0.2498694603261974,99.67233890532728,9.153101779157565,0.18939598103882205,62.98795429659805,9.246924977406284,benign
7.298506672956233,42,1948,9,4.32467099346566,28,0.20069204377348104,54.38309086274708,3.268152098413193,0.9864546064572763,0.2823909698209226,2.770342583437836,malignant
6.95051080595138,3,1753,9,2.092165194175857,6,0.9270444993396291,48.1911132071813,1.9522075675356587,0.9145422927609469,31.58847273732932,8.822248592017626,malignant
1.4418741756049869,12,1317,13,4.01945220856965,9,0.6913427802277803,90.20037755288645,3.130625178087775,0.9335688625933108,42.14316552202069,8.242514718170053,benign
8.130693716601316,36,1102,13,4.218799623404957,2,0.7250974445508397,5.164523701660173,9.513020751388858,0.19232270928744943,34.4338922976428,4.703071038271061,benign
5.668449318014546,5,401,2,1.3237494863349326,1,0.1183936898026367,18.66673175751953,3.6446375806011644,0.8946101890834517,9.061159418639376,4.200610152440176,benign
4.832809247799272,19,1432,19,4.657657843010568,24,0.4225886461477003,76.4873264079569,1.3003997199817574,0.7085514813844355,54.33313531685946,2.3539178565534193,benign
8.09368456241319,12,1535,14,4.269002389890222,27,0.6011584180054291,29.574700647080277,3.66129298461376,0.6673748204849063,29.99815848341465,6.011456744846184,benign
4.7041230088795345,27,210,19,3.3818481192740384,20,0.16204173064026478,19.453335191618358,0.4523045943790205,0.46391212353066513,13.349063229913515,5.847937428382267,malignant
5.329236479546382,17,1947,17,3.831717599802039,15,0.2487307914482342,78.67064858209362,6.719135922726033,0.08050768715900614,90.40486687862693,3.327112394341184,malignant
2.634659584064422,43,541,5,2.3832811330067445,26,0.7571996041223943,94.47172123787033,3.4771061072397758,0.3916491227846224,18.12132224702173,6.326437957920109,malignant
3.891870095557858,28,237,0,2.882241450674943,26,0.3740040161518684,36.59105203104963,2.75490940124575,0.1371554110361548,82.47261230877076,6.6265141782508605,benign
8.609796969063119,40,1718,11,1.589451335871765,20,0.2643538398653859,38.31642682757869,1.9782337652683202,0.531939126325749,74.77506486895284,5.031701225450201,malignant
2.682133740340438,22,1092,6,2.9996291435564713,14,0.14370867885302746,67.86196948147227,2.8339703800701734,0.06824688942744228,89.08193931795108,8.825120659749647,benign
4.755619548130097,10,757,3,4.131285384574518,3,0.1630744456300681,29.0227548959626,2.8537737019153697,0.49487443118507857,45.298088800755856,7.888324502262112,malignant
9.901310566557695,41,1699,19,3.2335856738128386,26,0.41691980604167345,60.61906281415808,5.038242171595724,0.251696008340337,7.7922844332203205,0.6580262038028506,benign
3.129398305349674,6,1995,16,1.5339375839598968,3,0.11168455309880207,53.490324409610935,0.73799379638254,0.3879958744456483,3.496410925869642,4.617250577881855,malignant
9.25149099644946,17,943,2,4.318207967612393,29,0.724461980339903,50.39921394076378,1.6509497097875447,0.133860463381417,37.540462400317324,2.1175598251973096,benign
9.265577210250697,12,1935,15,3.951947070113723,10,0.9897020169987549,77.94175417210172,7.045460935809608,0.3490218958841773,66.54385905343187,5.445820847140585,benign
1.8216670798288164,6,12,14,1.1494199014439346,11,0.1780661891711116,54.27045370666001,6.904006658915508,0.7456289533689234,95.20879458783239,2.1305029925683137,benign
5.172874523969644,43,926,1,4.219526724458482,24,0.7095604476546652,34.005201077582704,4.451023554649448,0.17130577156182236,2.7859366745634384,8.910545559323333,benign
5.519947017905084,22,1504,4,4.460977941238788,18,0.37516154226172904,53.96404336048758,5.5737370534496815,0.10096268347351911,97.08519169326324,0.5229241942212437,benign
3.8230205504691472,16,1635,2,3.049518253770387,25,0.550915725280772,86.2596285628579,9.422958430617692,0.8452740620354791,13.811907131612788,8.325343132417162,malignant
1.4260558351396329,4,826,11,2.5143752493058327,29,0.51360107059119,77.29215101151786,1.8118878602943178,0.4013556175028742,0.7275934087605296,4.103787013894439,malignant
3.1751707352085803,25,515,15,1.333916367252845,2,0.9192351560252617,87.23665781534544,7.588223703300389,0.6620669985703126,67.69851710687144,6.063654346112507,benign
1.8597667739982482,33,799,11,4.3131039132309645,27,0.5827686385003095,20.044523919275072,7.122104366226911,0.06623523038669099,28.620069134401305,2.602679150854744,malignant
3.144249151411706,1,93,12,1.0146354562579023,29,0.15176073035034326,95.56831799080966,1.0505730337492991,0.04283436892751313,56.944987194443044,6.027934107244243,malignant
8.270119776611406,15,438,18,2.3739467837043473,12,0.22022234809219,8.839652499464679,8.0254069793924,0.7272868351223497,78.54448857560259,1.8551519486169599,benign
9.054804590974104,17,1319,11,2.310940826378339,20,0.3185698154514336,31.33137648699528,6.821253502908439,0.16897108052790266,42.08331870888286,8.06804516980408,malignant
1.389006028716821,43,1449,11,4.648049313749189,11,0.32738004150542255,81.79721324692787,8.181871085539123,0.08004542418046079,52.821451374360706,5.964382479783219,benign
3.717521526364471,19,377,15,2.7971642714980782,24,0.2729646318559533,57.840230045412156,0.535150098020204,0.840302953988078,28.85921515842922,6.486407194208894,benign
9.825239787348588,19,779,17,4.554630153615826,5,0.7374300490301002,63.19881496334051,5.723419670678556,0.9477775726023546,96.99827331050126,2.6467275316036365,malignant
5.855543402983618,20,953,9,1.3571809388557798,9,0.7025319073397442,92.30767953867795,4.231288614704603,0.09867845820872112,57.369270225286286,1.6781895492950027,benign
6.636784255388706,1,369,2,4.384315269913181,2,0.6518061596076702,33.38071756628389,8.822147404195324,0.8946035705884974,39.641880953703875,0.36900285511101805,benign
1.0499086756621407,23,1840,8,3.449513418374669,6,0.5339989684626661,58.46975166447995,5.846780030188652,0.471314104105209,21.53190900837908,1.6673618199017959,benign
5.364184990983033,16,1903,16,3.151676327918383,18,0.3274149078175055,34.630576420372506,4.179200739785355,0.8837606739665087,3.4725833726651834,3.6598324029892204,malignant
9.894956811601487,24,1319,1,2.223823318833069,19,0.27499467345250483,90.21785363274985,9.914841620969854,0.8334140493371631,55.15369521115653,9.083533775861872,benign
4.376669747345183,20,1705,4,2.961477108543575,15,0.49812765785113056,41.480430584602324,2.9712036415118015,0.30369850976052915,44.70564775893369,7.8283706454746245,malignant
1.873343427749751,15,804,10,2.093817925510628,23,0.980219166178373,50.27695794502422,8.471995998800022,0.959049939754835,59.852252100046535,2.240019751170992,benign
5.157178854116036,24,533,4,2.8232718273283646,6,0.8844431377806691,87.39970466715495,7.65847376395901,0.4000458225572534,67.78716619581591,0.20531869438875083,malignant
9.667040193930324,37,1975,1,4.075267767147642,22,0.6647401922569925,78.75510860693998,3.1393136905350874,0.9419984510529877,80.84024963832456,2.344436523300887,benign
4.076475522085148,41,480,17,3.5019619230192234,2,0.7272485932200677,2.627697329894285,6.375073712727602,0.251008431571058,28.94512157400819,9.017869230139793,benign
8.190304598935118,33,1880,4,3.7221377859625986,7,0.21726895247406788,7.764558938778476,9.61209797422811,0.48253275112213967,23.299872315986782,3.2464811060987886,benign
8.189616980917556,32,1221,9,4.568867041842525,21,0.9754429905307889,9.696449393147066,4.500784150566616,0.7242019977248334,82.0492562263672,5.629894058751663,malignant
2.87423467065043,31,1644,6,1.2117573908515396,27,0.2021253846511868,57.84216197795452,9.106485410145043,0.5973541718617469,24.38684280809449,4.768939879659861,benign
4.990309316210906,15,1522,12,1.795772150444039,27,0.24381341064669745,29.725166444753892,1.793779616769905,0.667431428178118,84.91525197721828,5.3830965639570945,benign
7.440411476388744,1,315,1,3.896775761929249,13,0.28812046354015997,11.652443934687206,2.2832489245058616,0.09318200842863189,31.727566054452417,8.942345965718733,benign
4.69467806872535,49,1268,7,2.6329428414913485,7,0.8728224735304428,59.24893625566897,6.621362789609141,0.06113815749991036,63.12967884092738,3.2022659167299308,benign
2.71906259833379,12,972,2,3.6008529849349045,3,0.3145690879579024,34.60111141851399,7.913389058068651,0.6280909372112784,23.731828023126333,5.5559285631602595,benign
9.707448761257766,35,1880,9,4.591060448308536,6,0.9345577828244218,78.22414690329434,1.551271477456131,0.5097872056481852,69.39153446696497,4.82527131469904,benign
6.85675329828664,37,590,2,3.944013706465786,14,0.8609188685116677,69.44967939390271,9.996714189253467,0.35586739849054827,42.033011385628186,6.3666195315891825,malignant
8.789138663706094,48,613,14,4.732469095656652,12,0.7463018777179323,57.29750215263005,5.441569115223194,0.9730131719975501,86.16559380145284,7.808650299950486,benign
1.227181220196793,30,1457,9,1.6077664192452166,18,0.8003132358652182,53.65888550080198,7.354152460081325,0.29108492333663694,88.77181038680743,2.7619663091093907,benign
3.4021523331202124,26,1683,14,4.026517188050288,4,0.5503672937407016,57.81632241599153,7.75766152331382,0.8706950360439679,56.26474864499264,4.205573808017768,benign
5.518639902940686,11,1719,8,3.8105080437546324,29,0.23101212516416852,10.999958970644519,9.943158781992745,0.407707619878398,68.38038451495943,1.7622930659701286,malignant
1.6070377161704656,32,1420,15,1.0302109529533539,14,0.5687736642296466,32.95317874731237,3.1593860424347975,0.40380786752098496,89.02890334748898,0.3082914727950259,malignant
9.937299349853125,2,187,19,1.171901597857902,11,0.756119160392358,4.23830408776753,3.1764441604920677,0.37766811708286585,93.8721840519997,3.4333006691209422,benign
3.12816156578226,10,1840,12,1.1350783443324266,3,0.22380201622953133,14.090390907662687,0.7400234436860376,0.4653017995128611,2.0590009776168094,3.043348914060151,benign
4.368629641109033,46,751,0,3.1104695919649505,14,0.8157333046603263,12.171111141893187,8.509801935373583,0.5917632602674736,96.04728991407475,9.640995577834897,benign
2.926107234175116,22,109,3,4.106039196435807,27,0.176174165767327,39.06595651953663,3.1652009100671097,0.034741667477205196,52.03446887128415,8.943357833843708,malignant
1.9490127949490574,9,949,6,2.621430398793489,18,0.9895254643750928,60.483288263341805,0.9401800493990853,0.7502598717844835,15.41113130061208,2.4518645628891367,benign
3.0923180704381217,30,1867,17,1.0129195539742262,22,0.6840809875627707,13.400250000290736,1.8632002850980178,0.7949226113642329,69.54826086175123,1.0840193263494735,malignant
3.7054912195288425,25,191,3,1.6995787573884122,14,0.8923923896591898,80.53627213969222,2.64075213973186,0.0075753909518876394,63.93656396895645,9.534629425694725,benign
6.709980411094953,21,1986,6,4.794019634781352,28,0.3576088824501279,88.01862613334869,5.0536977426976035,0.3217031799357444,83.80106855848985,4.331352166344249,benign
3.5311130330761764,18,1762,16,1.9786497839744,29,0.5173481476414762,92.4718252221031,7.416699199684432,0.9569935358776366,48.43971814945527,1.9107566910075668,benign
4.260490848789186,20,1199,18,4.4135424285512865,10,0.48912207386108164,46.12324804832938,3.219071401904008,0.18029269695943784,92.99419474174645,8.423685430393906,malignant
1.0534855935117684,40,679,13,2.48155040987385,25,0.3544084748580124,87.74514340711048,4.551078963974346,0.5494540602554513,7.690081237866919,8.457289042540395,benign
4.29147213334628,16,1031,19,3.0851873138474017,17,0.5106088462361315,90.53233344927051,6.590457633963887,0.0527815946077147,50.36542516915134,5.573794477321943,benign
5.804973835284652,49,1359,7,2.958930077496787,23,0.784175502121211,42.970451706430644,4.071780667835369,0.5073476896505316,31.4195609188057,1.0817035497766736,benign
2.458142533454778,39,728,9,1.5379230158435777,9,0.5471537298565244,99.07858326866702,8.797501902538508,0.7892144771239893,36.01070011674582,9.818693901190807,malignant
6.376897975243375,35,1694,6,2.464652122725012,15,0.8945805098237871,7.261827994632364,9.08793922638859,0.9440891136346126,83.61259100870832,0.060716846194112106,malignant
3.6383722176446143,29,67,0,4.998577003246104,29,0.4002330119992473,21.298867943684797,1.4758254405383364,0.04672923518849714,81.56895213000648,8.161411940849057,benign
6.688454453215551,46,93,8,3.256506030526908,14,0.8756835877201743,55.603684101461106,8.106439455575636,0.44445962400101724,31.012257373395524,3.8393757898479928,benign
1.235769447257594,30,406,1,2.8609410624608254,29,0.5691079182239418,0.5694564639689981,7.0500774109572975,0.7349102965719884,32.85891044429397,9.545633316007255,benign
8.988341144209974,48,1620,3,3.196573963865444,25,0.8659097195833534,33.49931196656496,4.666732235745057,0.9852877818774991,36.101522194403245,9.628938462220567,malignant
1.1450676738103653,3,77,6,2.0520362941134347,22,0.33157181455815643,64.63290392375241,3.816663103627851,0.2587283307822539,69.06288450799151,7.716091452846329,benign
2.1426222793236525,32,702,4,3.2654648594913427,6,0.5223567819293955,97.56921974528046,0.9333956842506874,0.6514946641463596,33.63401762823399,2.8670720082913324,benign
7.9944621541354195,14,1451,1,3.913279463764283,27,0.45717290893822415,83.34763854823719,2.7148431290004558,0.26899520317040004,47.95461224609659,0.23120739449755456,malignant
1.4130570898195356,26,1495,15,1.4227357379820895,20,0.7360904165215065,92.31848686776428,8.95263565132575,0.18374074630337522,4.948643314021684,9.905958525623221,benign
7.39898824235959,5,1220,13,2.1137986489956098,29,0.6824509523190602,3.7662283007665276,6.121992993642467,0.7026707156141253,83.34203161181782,9.070479126634954,malignant
9.73941526459116,28,1859,8,1.8356891387708605,24,0.3899315116717246,7.1271008958843645,8.757826329005804,0.01737317615996925,99.91022843955169,4.717567000725838,benign
8.845146398280765,8,175,5,3.9795169266215407,0,0.3972393562838473,80.28289606973942,1.9638197488290654,0.9053750966186095,58.5448474526178,8.066039730769589,benign
7.391454861886286,45,1155,12,4.742666310910705,7,0.788219709735488,57.03018962009377,2.902839589272811,0.14469751572246314,76.05926209537256,4.29644796866591,malignant
9.626587687195002,48,917,15,2.698748787305248,9,0.7923418998422221,40.070036842548696,4.007529320304509,0.6873803680101019,43.64143769217497,5.155894686947047,malignant
4.8683200409792375,33,215,18,3.532983738260472,28,0.9291036714417085,64.01782539581316,9.146750072824267,0.36648082291102424,86.36739377240148,5.02281209583124,benign
8.855910228896267,36,65,4,1.1248486411695477,29,0.403168326765727,16.250659409595038,4.757551548440961,0.2010177723352039,4.7047739746898465,1.755961736739834,malignant
4.203619011762532,13,1801,8,1.5259504401793245,6,0.49212773569774015,22.57953319679922,3.691329457354844,0.08564006872395358,31.74929082493486,4.674456960901731,benign
9.367872876134621,20,1431,1,2.53780225476068,10,0.22415340986311127,97.94635590507735,9.925068589507314,0.09002195264454871,58.24554025625675,4.686906126889296,benign
2.3389989061789325,18,354,4,3.6575682581484186,10,0.47630960176526305,71.42069923697505,5.134336924679047,0.9022584397360366,29.82747322160958,9.045247108827482,benign
9.460261134354461,20,284,11,3.561314020923977,17,0.27932385956197864,97.84993899664826,7.803576635097235,0.15328434325739138,50.68231736252482,6.762723023009716,benign
8.494445775548915,43,133,9,1.7686259700005516,21,0.887312836527519,85.7859775556383,1.0510780133080977,0.9346271455329427,58.291991658610755,6.211001594690516,benign
8.614493543768177,33,1666,9,1.5315846856170934,17,0.609643325708122,39.20721719398153,4.093279881156155,0.9186580295580017,64.98395670166288,6.740807360007953,malignant
2.115307089315499,21,1115,18,4.752286587260798,26,0.9932119494961525,94.21167885075927,2.964888714558941,0.6988273773585237,97.49320065643275,6.012340088448226,benign
6.368382085075632,46,768,10,2.421438879761707,24,0.8932485968682586,14.274542539230328,3.1541625695914908,0.7172664546160207,84.5937166256807,2.154814453295585,benign
1.1475323278833822,24,1540,11,2.8417280723367244,24,0.21314825908654647,21.5409303250642,1.4929054141271059,0.6625961744936038,71.75397063435203,1.1684823669079436,benign
7.490659294455461,28,250,16,1.3814388755909945,19,0.809593819749191,6.721055839305112,5.726533329113989,0.47732052871139397,26.76598937038014,9.206892504996231,benign
1.0696376271331356,5,1365,0,4.640938905307316,24,0.22427366253999856,42.48759829340344,9.514224150635329,0.5366273782974247,11.61177963800667,7.680944937826767,benign
1.7634004970071027,30,1929,3,3.672073857676976,2,0.8054731914890756,68.37695541134543,3.707480180597015,0.27631486936808847,9.544016747444772,2.450548574252507,malignant
3.0294856940502126,43,588,4,3.0398838459436774,17,0.3463842407115234,34.57950929700221,7.467394452723381,0.6280019939073284,66.47969686506605,7.516758257044254,benign
8.87612080485902,24,1774,13,2.725062957271861,2,0.146557601068909,64.64109623735544,2.0135664617883475,0.5391806003942591,57.759554764564456,1.7853182707006876,benign
4.27218686188852,39,1983,13,1.2058620469113626,13,0.38900240179957357,50.56647710076566,5.712612988834017,0.21107734387357668,32.56864854812611,7.3881706214939955,benign
5.859639416913026,14,850,2,1.8571768323512408,2,0.5235796879789804,87.23892262909578,6.4693656024723545,0.41145207644460935,23.75604316466642,3.9280659647279617,benign
6.112928924370806,36,614,17,4.4243167896734175,14,0.44572875232642273,30.67066169279833,7.6603951970364985,0.4517786563445585,66.80103185526649,0.0791924823502177,benign
3.029170242753639,36,37,2,3.4888176511445317,11,0.2649751644672252,87.59003536672726,6.684748493224041,0.4850208980449493,67.11331223335868,0.7064510876670849,malignant
6.14932091186015,26,254,10,1.7755004811131454,16,0.6513278229525037,63.340867497457374,2.8597638611012566,0.4917701097891486,54.78661050242351,4.721937125242693,malignant
6.948566155266429,13,1759,6,1.75681287026921,21,0.28418541796731656,66.65927516319434,4.2030224590015095,0.8433555065925876,44.59074075515886,0.31009276234046035,benign
3.684208539855965,40,906,13,2.4005020501662093,8,0.6213961883278871,19.53294473664233,3.3960170385479858,0.3338337356196215,17.431242995690166,3.944613186036805,benign
4.767641730820234,21,917,15,3.4611861533227506,10,0.7161460779331245,17.44189292771926,5.962660842524658,0.08275325295528702,7.09626857233615,3.0803108777641333,malignant
5.07780032091517,26,1101,4,3.1696610387385262,6,0.9790984648872643,28.02248070771323,0.3814616400086801,0.06158806435652753,48.14386749513855,1.0599521318002136,benign
9.391155953878734,34,1505,12,3.1081395008454766,11,0.17801168156086633,89.8237850431725,3.5671526513912957,0.3611865818058062,25.723666041655857,4.5793599443783375,benign
6.287443727315522,40,1480,15,4.475723199246146,23,0.2433008820922383,82.05861443105813,5.865121849871887,0.8272998281978676,75.89245250423771,1.1597912259649112,benign
9.53427134456327,14,1478,13,4.445005826496612,26,0.7144678350305609,79.89059741084029,2.4825210222400007,0.7412123450414911,53.49267095858215,1.8586284883854132,malignant
6.004312783886322,21,1420,6,4.380794011217827,21,0.7938281005889892,2.2149465521072553,9.575810558092353,0.6587774703743007,4.975970960127185,9.267072911908805,malignant
5.50505278764191,43,911,9,3.809806735037842,5,0.3427120103897795,74.76032879777324,5.707082593302455,0.7652591309407037,71.36588629588232,4.422202229750502,benign
1.031789898696235,49,1674,7,2.569800854063385,4,0.29342194882338735,31.45561905554889,3.3203099229243884,0.1753209251105684,67.99485437546637,6.857796007574043,benign
5.328001394874659,47,1754,16,2.077377080461514,28,0.790917843106259,99.11348424081804,5.574389315022498,0.34927708344155173,90.43458544957903,9.656875116001679,benign
9.347094987063866,19,1676,2,4.822770558030594,24,0.4082060280802947,15.45104625704833,3.1788953501218553,0.628001842905922,21.275303513741395,1.3766876597737177,benign
2.7852912012404722,12,1212,18,1.181139851415344,18,0.6353190083761796,55.24354151682027,9.278055288295937,0.19412047489331163,82.08095786358045,3.6418031149967254,benign
1.4688202095054899,36,12,1,3.473532293177104,8,0.4930791687904853,74.93964003134151,6.320595609647656,0.26447550443669,92.94810295924421,8.458703937684675,benign
4.6610100412648166,30,897,2,4.384496489733408,15,0.42952260918220475,80.86019865898392,1.4241625011857184,0.397449672116462,61.273890689715294,1.0443219927536107,benign
4.351568325347008,44,658,17,2.087651639850689,28,0.4285168923519398,90.89026259930158,5.395954671979987,0.2339102223104219,73.74906416779815,6.4048831033743125,malignant
8.714377520841193,33,155,14,4.914984286913878,4,0.9783796691040045,44.44260590310088,2.7099302240648413,0.4619277553748924,5.8499617647100095,8.323388901767165,benign
1.2395000400396359,44,618,14,4.543695887768202,18,0.8433644752703492,56.037828023083826,4.056510609876435,0.5621095502337963,12.052717449180383,1.0869911890423578,benign
9.281343067831044,23,1315,8,1.7973123539865403,23,0.2791009475480221,36.45847019536254,3.4213706934363666,0.7247583486164294,7.141146338216808,8.59532665890243,malignant
7.128126990954608,41,513,12,2.081237267733356,11,0.6126585409900289,22.675426768773644,0.6173673923318324,0.06554894405963918,77.13669343774083,7.397303252435242,malignant
9.13803394657796,13,671,16,4.589211640435185,8,0.6477697616372835,98.2807750564314,7.5168129140387885,0.68371635095078,49.653476987407316,5.086834121006803,malignant
6.467761637385749,28,1541,12,1.4370071735513181,10,0.29823690468714603,5.2940576049068655,1.2903748376526458,0.8095140015445856,1.8662682793825547,9.600163470478794,benign
8.30757981192512,28,1794,17,1.753908686486786,12,0.8881402905277507,26.94164893707961,4.355899017872393,0.4171411234271132,80.41311562673138,5.047448558901882,benign
4.019894861853576,19,1482,11,3.4341976366064824,24,0.6742840312791034,38.068209751481575,2.946963353760524,0.20853095891194795,47.30715702820021,7.519549784918638,malignant
4.146096052248038,37,1884,4,1.588057380121115,22,0.9758317201556165,20.29453299496352,7.550503737769757,0.9065849611110159,63.89866677102637,9.443566736458052,benign
4.508868072954631,31,335,12,3.290180683593463,22,0.8976734877123514,26.051087578502397,3.444607285389769,0.8471153383260805,22.051570690734067,0.8520946544192654,benign
7.793173734155049,42,1443,10,3.3021808528606247,13,0.7837447890660183,12.101663106729665,9.63147823144905,0.27720055614815586,43.16531792351136,1.976383920397513,benign
4.32362056985783,39,990,15,3.38541760258738,21,0.7447164200317339,47.480764981157485,9.798656242494893,0.7591875983975515,35.240511364595925,9.158851822653146,benign
3.1799782584304053,17,839,12,2.0028055647011436,1,0.551994017806536,69.79039695255724,5.429338228665205,0.6674728104307817,28.64853224468846,9.393843948205108,malignant
9.439015211115363,28,846,3,4.2843234670388295,14,0.9341390713652276,14.53256854725512,6.843755878638166,0.7613065801448151,99.72757876196721,3.2042555633869996,benign
9.17209975296736,4,731,18,4.881774488733333,24,0.3268149081526064,64.91243011752202,6.204098270030251,0.2665644109033747,38.88231800418821,9.618660436759182,malignant
4.139175844782919,6,1161,0,2.1115440898942777,19,0.7398100321884155,10.892940786028438,6.775333126365062,0.9089382018205159,34.19368966265978,4.344810203202304,malignant
6.711742632322426,19,1014,13,4.461973276677058,10,0.9946689942411086,53.45032400996038,9.3476760485017,0.2963491954737615,61.42765287517706,1.1436754598481613,benign
3.4645799048776817,23,536,1,2.172208159209084,15,0.9267996177434283,71.36303198622386,3.828570015114161,0.17824014709393432,30.1243811979499,3.2099136059918676,benign
2.8550361584221218,40,925,4,2.395708455714455,2,0.38415576055173484,66.20225890794624,5.044670496156157,0.6700335356623963,4.885207792468638,3.456180000989538,benign
4.02705576097115,45,313,16,4.141773785019902,13,0.8815657084534742,70.21934638397587,1.0409933779908709,0.4363962774238256,20.478845998259764,4.9646794618679655,benign
3.9438990335395108,42,1544,6,1.5493203928557384,19,0.6832776605644375,74.194425160518,3.1630341246648443,0.182054393457192,53.62283338158284,2.1498437748509835,benign
8.940484910769547,6,421,8,1.2472302917363858,24,0.6292635008018211,62.07544325501119,1.60083114599758,0.10145055239260437,46.305661654827816,1.5765283007817577,benign
8.40073433251353,24,706,15,2.5465304008727725,15,0.16869570067755046,74.88270596911772,9.481461882407043,0.1283545473412504,52.11340618449124,2.611470186530066,malignant
7.3866090570318805,22,686,13,1.518732882257813,24,0.8581414236122352,7.560126725792971,9.687746279130906,0.9308726574675904,68.99242954874964,8.838541735805158,benign
9.634107027330073,21,1852,0,1.3182110217230152,28,0.6856159819250395,15.862371828442123,0.3868128529406367,0.9034565156955154,3.8115949057222487,0.6608690305081921,malignant
4.8028901779725235,14,594,1,3.3549120808623143,16,0.40769874294555575,26.657087054343677,7.020384058447707,0.12852074843998396,75.56434330013786,5.4495817412352,malignant
3.2052973470010864,24,1763,5,1.7358989817208297,25,0.6383520342110438,50.371460425479476,3.535517250825025,0.8301091577074853,18.427040944711457,3.5537152651433876,malignant
2.0565859347234032,25,29,2,2.2036051579506473,11,0.7987916644229883,60.81225244407709,6.712209131828512,0.5550383842235989,75.32962203962411,4.373269286907989,benign
3.7094802238107984,17,1268,1,3.916354266291535,4,0.2717813120893104,45.02942234364098,2.502519259184491,0.06947084253015134,2.3210289512973215,7.216459569779543,benign
2.307373605734084,46,1680,10,1.3719828877901676,26,0.8239725047853123,9.026046616896332,1.4426779355995556,0.10660945465254279,68.83691695465821,9.674728333653363,malignant
1.8296748763153303,35,1212,6,4.975872937922665,3,0.7673199691920688,98.69280013799575,1.713249013791318,0.5870798364173688,58.099441316920334,9.492517718105455,malignant
6.426389770362309,17,67,9,2.2350266721779564,7,0.6028796722571742,19.076543468004193,1.8991166327459907,0.07884530843669202,92.0100098965412,7.493250803790939,malignant
4.277687047808023,28,18,14,3.182517007397728,26,0.8102846397885365,60.30697421272412,7.649482092705675,0.022606783082130377,58.62512562476163,2.1231072155641573,benign
6.081133083365292,2,42,1,4.167397925615149,13,0.6489764803719738,90.5362048265481,6.79422240644538,0.9265555414333045,26.116088945025272,2.011488085849492,malignant
2.7220214864850094,34,1759,3,1.9480259894233112,19,0.6049660788794019,65.35949801675059,3.4629738035861823,0.006135950515038013,30.43817175126141,2.7552579050640458,benign
7.092152736874846,1,458,6,2.3646550269962825,18,0.9779902018563921,47.05414775387392,5.822954484148736,0.40445173725827877,48.07788698060305,7.487456067446843,benign
2.939549025480938,47,1169,0,1.825075068536795,13,0.615035097125969,79.91706372446166,8.300366264398203,0.5417800555368161,63.62438875959893,3.551576924077917,malignant
3.502212343696325,3,1083,7,2.514313247028637,21,0.5587564357131097,42.89899767309364,4.717550474324238,0.6659131412161676,88.90176690263424,2.6130881346435753,benign
7.675843799303891,22,896,6,3.939746689994228,2,0.5211343905256838,76.48725496106307,8.871109861803125,0.19969904103452074,68.89765787941906,4.292845624566118,malignant
6.037641060802407,42,1771,16,3.8577075752379897,20,0.5042711121992682,25.612903079209204,3.3653346227334078,0.505016303335949,98.1678691217057,0.14901874781825586,benign
4.013527715803173,4,825,19,1.7280767147925733,24,0.6115104536943937,51.033167203286645,9.473271214945532,0.07696941164695448,1.038090172224504,6.069549325828829,benign
5.886899042906742,15,72,5,2.907695848280283,22,0.7833578135986079,31.707919393194185,2.2779059938308044,0.14332566446448136,46.67823596824307,4.678078150259314,benign
7.2458623257241825,36,1008,2,3.7528270666479897,14,0.1729118570139151,35.86648989478064,2.0706610054250163,0.6243447677754702,36.26250696783515,9.217207282618705,benign
9.209189093298662,39,1670,16,3.95259957808817,24,0.29530465707857917,44.1322743893175,9.088974058196207,0.5963670523256279,17.710699191661206,3.6332823845348203,benign
6.226418920550085,12,98,10,3.5441478873354524,3,0.9917443736339057,10.414492925493658,4.67941692087544,0.8098364710156585,23.423705904623926,0.2861073098391498,malignant
3.094177410035928,37,1386,19,1.7792908487876877,12,0.7749856701288006,98.20575506907058,9.163835837741193,0.48594365948671225,22.719847995122777,7.231132927379438,malignant
7.720278676988469,48,466,8,4.472316221638106,24,0.7416160308236541,89.67562155440632,1.2973238674568388,0.3033927926402754,82.22120732860276,6.075992168396995,benign
7.999921157992367,41,1921,8,2.1537910965509877,18,0.2193932438058569,47.97855103695701,7.327210382210612,0.40110364871007054,58.34543121833854,4.5974072773633985,benign
2.803611834663886,7,1525,19,2.479687212006789,27,0.30664383633924075,14.346245339021014,1.4501787317771875,0.4574627106045259,40.11926780788498,9.26643518279964,benign
8.385167977100974,31,501,13,3.2339912077195914,16,0.4867381076880506,12.844834498653668,2.5834821344197545,0.6541192889217945,51.871547650486235,5.213643908031745,malignant
5.184413692505438,5,1274,5,4.437514019655561,9,0.20849887847502308,4.897524829693745,7.088641839260498,0.35691533063046876,84.82168664314631,2.6230966709850376,benign
8.017899958800506,27,1242,19,3.598601248264612,24,0.9796922133095314,40.28008292094276,5.901569091282486,0.8434130684762077,52.328017586485245,9.039652677068304,malignant
3.1373039798943934,25,386,14,3.806750817915652,18,0.22982351537789725,86.43780485250383,1.8951744865919962,0.05673224858662451,9.859818558703227,4.645542592188038,benign
3.9932224274590875,17,1876,17,1.8654731187475666,12,0.746850247083848,68.82037165481275,7.506983019713749,0.8038967573784046,64.55399096929486,7.307939495019227,benign
9.583274073624874,28,92,19,2.4102472965866175,11,0.6474613938775071,74.68628370459129,0.07709728697504303,0.07879156034381973,65.32311017656622,4.67568223505663,benign
6.920335658348245,27,1631,2,1.547573672166235,2,0.6896344031219107,65.76857569099604,1.9641655393032242,0.17341813414697504,62.32736072503224,3.7369884189393074,benign
7.955900474513876,26,274,7,3.94761366522995,18,0.23662426854181767,93.64305926423094,8.549633295982062,0.5154810441562486,92.18731914288679,0.2661863814324228,malignant
7.195369088985662,49,403,19,4.795031226243534,21,0.5689263337087219,37.9623775645866,8.444551319548289,0.10608284152275327,21.223972412515955,8.001095367077115,malignant
2.8387370606358946,29,1250,11,3.9394730459474987,17,0.7523954995751965,74.40546072634385,4.266777974923866,0.5213683656854408,99.74983056464303,7.0159329316360335,benign
5.236198736018884,27,1694,4,1.4987148641461125,10,0.432184862789988,26.914712087639824,0.35269517043349796,0.22443948220572651,6.8411831915979775,1.1285656849977244,benign
8.280674854406065,17,1748,0,3.773461409444886,17,0.19878917228191215,67.90664895766521,8.610932675706305,0.4376446873793801,77.94191135416246,4.9929617423797525,benign
7.075316142184347,38,1565,8,2.7329007645017125,5,0.7635987396392818,70.79515394799213,0.08357709063468,0.7592021971427431,61.47826229331329,6.569260520021919,benign
1.0542509708796812,16,1941,16,1.3684567279941455,13,0.5676698788052633,36.55436597928791,4.767289547763143,0.8774430220180293,79.1576766925783,4.817442364895683,malignant
1.7866696838754053,9,1264,2,4.997896693187391,26,0.11997862244470517,37.65487018109725,7.24749519542071,0.6923455551978682,35.49899515460142,9.164612637717305,malignant
4.121152481922035,32,955,17,3.8965011629496042,29,0.18469266866025197,1.1032331072073687,3.345675280468278,0.3910124230608151,99.72321903265292,7.204477397499271,benign
9.499289856567312,1,472,5,3.489751877026889,24,0.3402313289895341,44.47246295855795,9.188795301829035,0.8885660574487768,12.600313158391096,0.933647321850577,malignant
5.420714328771251,9,1551,11,4.4923914934753,19,0.9873411354190423,38.42443949729438,4.544262277402544,0.3612662908336446,63.798011405253895,8.644199492712147,malignant
3.4315864068730035,7,1434,5,2.301364377922962,12,0.14917285535912553,76.81463639580355,2.497442067962182,0.786815986050091,96.34812500143195,5.127939521802684,benign
4.243813475083389,44,1858,3,3.6673803612688642,1,0.5385346585132985,88.79511835028393,6.1827521200226165,0.9518348189642105,62.9359923471385,8.928211742691193,malignant
2.895873647986569,37,334,18,2.8731217298648017,28,0.5514869803731517,18.250330719357656,1.6384720736065206,0.12378553495058997,54.78731972934493,8.395337616891258,benign
4.790800514530114,40,88,2,1.4957990709208722,11,0.8054577451229059,41.81265815694317,8.758782429229086,0.88251455400996,42.500069646906134,9.205307626503776,benign
2.962318955945271,45,233,13,3.1642788548846545,22,0.5384210454145567,90.58854419585542,5.489428425977048,0.7212481939843548,67.35533011395513,9.49071155703,benign
8.61177256572635,6,1797,1,3.527637950883868,6,0.5006123640811417,77.9529955536254,8.537845403871863,0.7737042708257317,81.42447004066163,7.850547151359385,benign
